<?xml version="1.0" encoding="UTF-8"?>
<!DOCTYPE editor-macros PUBLIC "-//NetBeans//DTD Editor Macros settings 1.1//EN" "http://www.netbeans.org/dtds/EditorMacros-1_1.dtd">
<editor-macros>
    <macro name="sop" xml:space="preserve">
        <shortcut keystrokes="O-P"/>
        <code><![CDATA["System.out.println(\" \"" caret-forward ";"]]></code>
    </macro>
    <macro name="starting" xml:space="preserve">
        <shortcut keystrokes="DO-L"/>
        <code><![CDATA["class neel" insert-break "{" insert-break "public static void main(String... arg" caret-forward insert-break "{" insert-break "System.out.println(\"hello guys..\");"]]></code>
    </macro>
</editor-macros>
